{
  "height": 70.255639097744364,
  "id": 790336626,
  "tabOrder": 5000,
  "width": 1244.390977443609,
  "x": 35.609022556390975,
  "y": 0,
  "z": 1000
}