{
  "height": 60.195208518189887,
  "id": 790336615,
  "tabOrder": 21000,
  "width": 130.61224489795919,
  "x": 156.73469387755102,
  "y": 31.801242236024844,
  "z": 21000
}