{
  "height": 31.051212938005392,
  "id": 790336577,
  "tabOrder": 3000,
  "width": 98.903863432165323,
  "x": 0,
  "y": 41.401617250673858,
  "z": 15000
}