{
  "height": 116.45112781954887,
  "id": 790336639,
  "tabOrder": 12000,
  "width": 338.76691729323306,
  "x": 45.233082706766915,
  "y": 78.9172932330827,
  "z": 13000
}