{
  "height": 57.986577181208055,
  "id": 790336619,
  "tabOrder": 1000,
  "width": 170.73825503355704,
  "x": 784.96644295302008,
  "y": 6.4429530201342278,
  "z": 3000
}