{
  "height": 70.329670329670321,
  "id": 790336656,
  "tabOrder": 2000,
  "width": 199.26739926739927,
  "x": 512.23443223443223,
  "y": 0,
  "z": 2000
}