{
  "height": 111.55435759209344,
  "id": 790336605,
  "tabOrder": 12000,
  "width": 266.81042228212038,
  "x": 1013.1895777178796,
  "y": 0,
  "z": 0
}