{
  "height": 130.37995149555377,
  "id": 790336631,
  "tabOrder": 8000,
  "width": 123.13662085691188,
  "x": 409.76556184316894,
  "y": 73.468067906224732,
  "z": 9000
}