{
  "height": 485.3574660633484,
  "id": 790336624,
  "tabOrder": 4000,
  "width": 1280,
  "x": 0,
  "y": 235.14932126696831,
  "z": 6000
}