{
  "height": 622.61728395061732,
  "id": 790336649,
  "tabOrder": 6000,
  "width": 332.9053497942387,
  "x": 539.39094650205766,
  "y": 96.921810699588477,
  "z": 6000
}