{
  "height": 57.3134328358209,
  "id": 790336643,
  "tabOrder": 1000,
  "width": 295.48258706467664,
  "x": 157.93034825870646,
  "y": 0,
  "z": 2000
}