{
  "height": 654.41441441441452,
  "id": 790336653,
  "width": 1280,
  "x": 0,
  "y": 65.345345345345351,
  "z": 0
}