{
  "height": 71.056283731688524,
  "id": 790336659,
  "tabOrder": 4000,
  "width": 200.33924441017734,
  "x": 928.66615265998462,
  "y": 0,
  "z": 4000
}