{
  "height": 69.293233082706763,
  "id": 790336635,
  "tabOrder": 10000,
  "width": 178.04511278195488,
  "x": 877.71428571428567,
  "y": 142.4360902255639,
  "z": 11000
}