{
  "height": 38.615794143744452,
  "id": 790336611,
  "tabOrder": 19000,
  "width": 106.76131322094055,
  "x": 890.43478260869563,
  "y": 84.046140195208523,
  "z": 19000
}