{
  "height": 71.111111111111114,
  "id": 790336570,
  "tabOrder": 5000,
  "width": 212.37237237237238,
  "x": 0,
  "y": 0,
  "z": 5000
}