{
  "height": 96.539485359361137,
  "id": 790336600,
  "tabOrder": 14000,
  "width": 313.46938775510205,
  "x": 382.75066548358473,
  "y": 0,
  "z": 13000
}