{
  "height": 57.3134328358209,
  "id": 790336644,
  "tabOrder": 2000,
  "width": 413.93034825870649,
  "x": 49.671641791044777,
  "y": 0,
  "z": 0
}