{
  "height": 96.603773584905667,
  "id": 790336601,
  "tabOrder": 13000,
  "width": 154.10601976639714,
  "x": 733.72866127583109,
  "y": 0,
  "z": 12000
}