{
  "height": 45.233082706766915,
  "id": 790336628,
  "tabOrder": 6000,
  "width": 100.09022556390977,
  "x": 50.045112781954884,
  "y": 6.7368421052631575,
  "z": 7000
}