{
  "height": 63.602484472049689,
  "id": 790336574,
  "tabOrder": 1000,
  "width": 80.638864241348713,
  "x": 318.01242236024842,
  "y": 1.1357586512866016,
  "z": 4000
}