{
  "height": 34.072759538598049,
  "id": 790336609,
  "tabOrder": 18000,
  "width": 84.046140195208523,
  "x": 649.65394853593614,
  "y": 22.715173025732032,
  "z": 18000
}