{
  "height": 38.615794143744452,
  "id": 790336613,
  "tabOrder": 20000,
  "width": 113.57586512866015,
  "x": 754.14374445430349,
  "y": 84.046140195208523,
  "z": 20000
}