{
  "height": 122.46256239600665,
  "id": 790336590,
  "tabOrder": 9000,
  "width": 173.5773710482529,
  "x": 23.427620632279535,
  "y": 239.60066555740431,
  "z": 10000
}