{
  "height": 622.80597014925377,
  "id": 790336647,
  "tabOrder": 4000,
  "width": 524.7363184079602,
  "x": 35.661691542288558,
  "y": 96.796019900497512,
  "z": 4000
}