{
  "height": 258.76871880199667,
  "id": 790336595,
  "tabOrder": 11000,
  "width": 396.13976705490848,
  "x": 3.1946755407653908,
  "y": 461.09816971713809,
  "z": 16000
}