{
  "height": 643.687242798354,
  "id": 790336652,
  "tabOrder": 8000,
  "width": 362.40329218106996,
  "x": 917.59670781893,
  "y": 75.851851851851848,
  "z": 8000
}