{
  "height": 285.07542147293697,
  "id": 790336581,
  "tabOrder": 5000,
  "width": 897.24933451641527,
  "x": 382.75066548358473,
  "y": 96.539485359361137,
  "z": 6000
}