{
  "height": 41.390460792239288,
  "id": 790336575,
  "tabOrder": 2000,
  "width": 317.67178658043656,
  "x": 0,
  "y": 0,
  "z": 3000
}