{
  "height": 130.37995149555377,
  "id": 790336640,
  "tabOrder": 15000,
  "width": 137.62328213419562,
  "x": 570.15359741309624,
  "y": 73.468067906224732,
  "z": 0
}