{
  "height": 130.37995149555377,
  "id": 790336629,
  "tabOrder": 7000,
  "width": 173.83993532740502,
  "x": 704.67259498787382,
  "y": 73.468067906224732,
  "z": 8000
}