{
  "height": 35.776397515527954,
  "id": 790336598,
  "tabOrder": 15000,
  "width": 75.527950310559,
  "x": 674.45134575569364,
  "y": 67.5776397515528,
  "z": 14000
}