{
  "height": 30.284098260660613,
  "id": 790336636,
  "tabOrder": 13000,
  "width": 49.968762130090013,
  "x": 343.23609878654912,
  "y": 137.84597869231766,
  "z": 15000
}