{
  "height": 109.68386023294509,
  "id": 790336592,
  "tabOrder": 10000,
  "width": 218.30282861896839,
  "x": 140.56572379367719,
  "y": 239.60066555740431,
  "z": 9000
}