{
  "height": 111.81364392678869,
  "id": 790336588,
  "tabOrder": 8000,
  "width": 173.5773710482529,
  "x": 22.362728785357735,
  "y": 351.414309484193,
  "z": 8000
}