{
  "height": 149.92014196983141,
  "id": 790336585,
  "tabOrder": 6000,
  "width": 391.83673469387753,
  "x": 0,
  "y": 96.539485359361137,
  "z": 1000
}