{
  "height": 89.703504043126685,
  "id": 790336603,
  "tabOrder": 16000,
  "width": 111.55435759209344,
  "x": 887.83468104222823,
  "y": 0,
  "z": 11000
}