{
  "height": 47.1578947368421,
  "id": 790336621,
  "tabOrder": 2000,
  "width": 321.44360902255642,
  "x": 463.87969924812029,
  "y": 10.586466165413533,
  "z": 4000
}