{
  "height": 110.74875207986689,
  "id": 790336587,
  "tabOrder": 7000,
  "width": 253.44425956738769,
  "x": 109.68386023294509,
  "y": 353.54409317803658,
  "z": 7000
}