{
  "height": 69.818181818181813,
  "id": 790336634,
  "tabOrder": 11000,
  "width": 156.56198347107437,
  "x": 888.595041322314,
  "y": 74.0495867768595,
  "z": 12000
}