{
  "height": 71.111111111111114,
  "id": 790336657,
  "tabOrder": 3000,
  "width": 199.87987987987989,
  "x": 728.40840840840849,
  "y": 0,
  "z": 3000
}