{
  "height": 71.933884297520663,
  "id": 790336633,
  "tabOrder": 9000,
  "width": 180.89256198347107,
  "x": 1065.2561983471073,
  "y": 111.07438016528926,
  "z": 10000
}