{
  "height": 317.43576238666719,
  "id": 790336580,
  "tabOrder": 4000,
  "width": 887.58737444038979,
  "x": 391.40137692336634,
  "y": 403.72897934614952,
  "z": 5000
}