{
  "height": 35.436241610738257,
  "id": 790336638,
  "tabOrder": 14000,
  "width": 74.09395973154362,
  "x": 343.62416107382552,
  "y": 168.59060402684563,
  "z": 14000
}