{
  "height": 70.329670329670321,
  "id": 790336655,
  "tabOrder": 1000,
  "width": 300.07326007326009,
  "x": 212.16117216117215,
  "y": 0,
  "z": 1000
}