{
  "height": 97.267582861762321,
  "id": 790336607,
  "tabOrder": 17000,
  "width": 398.38318512530316,
  "x": 0,
  "y": 0,
  "z": 17000
}