{
  "height": 62.556390977443606,
  "id": 790336623,
  "tabOrder": 3000,
  "width": 295.45864661654133,
  "x": 157.8345864661654,
  "y": 0,
  "z": 5000
}