{
  "height": 643.687242798354,
  "id": 790336651,
  "tabOrder": 7000,
  "width": 906.00823045267487,
  "x": 0,
  "y": 75.851851851851848,
  "z": 7000
}