{
  "height": 609.97530864197529,
  "id": 790336648,
  "tabOrder": 5000,
  "width": 350.81481481481484,
  "x": 929.18518518518522,
  "y": 96.921810699588477,
  "z": 5000
}