{
  "height": 40.251572327044023,
  "id": 790336572,
  "width": 47.151841868823006,
  "x": 1232.8481581311771,
  "y": 679.67654986522916,
  "z": 2000
}